"Name","Score","Link","ReleaseDate","CurrentPrice","DATE","Quarters","Year"
"GeForce RTX 4090","28,348","https://www.videocardbenchmark.net/gpu.php?gpu=GeForce+RTX+4090&id=4606",2022-10-12,"1799.99","(2024-04-13)","Q4","2022"
"GeForce RTX 4080","21,672","https://www.videocardbenchmark.net/gpu.php?gpu=GeForce+RTX+4080&id=4622",2022-11-16,"949.99","(2024-03-16)","Q4","2022"
"GeForce RTX 4080 SUPER","20,452","https://www.videocardbenchmark.net/gpu.php?gpu=GeForce+RTX+4080+SUPER&id=4984",2024-01-31,"999.99","(2024-04-12)","Q1","2024"
"GeForce RTX 4070 Ti SUPER","19,314","https://www.videocardbenchmark.net/gpu.php?gpu=GeForce+RTX+4070+Ti+SUPER&id=4980",2024-01-23,"799.99","(2024-04-10)","Q1","2024"
"GeForce RTX 4070 Ti","19,016","https://www.videocardbenchmark.net/gpu.php?gpu=GeForce+RTX+4070+Ti&id=4699",2023-01-05,"769.99","(2024-04-14)","Q1","2023"
"Radeon RX 7900 XTX","18,375","https://www.videocardbenchmark.net/gpu.php?gpu=Radeon+RX+7900+XTX&id=4644",2022-12-18,"929.99","(2024-03-28)","Q4","2022"
"GeForce RTX 4070 SUPER","17,926","https://www.videocardbenchmark.net/gpu.php?gpu=GeForce+RTX+4070+SUPER&id=4973",2024-01-17,"589.99","(2024-02-10)","Q1","2024"
"GeForce RTX 3090 Ti","17,565","https://www.videocardbenchmark.net/gpu.php?gpu=GeForce+RTX+3090+Ti&id=4524",2022-03-30,"2055.94","(2024-03-12)","Q1","2022"
"Radeon RX 7900 XT","17,540","https://www.videocardbenchmark.net/gpu.php?gpu=Radeon+RX+7900+XT&id=4646",2022-12-19,"699.99","(2024-03-22)","Q4","2022"
"GeForce RTX 3090","16,078","https://www.videocardbenchmark.net/gpu.php?gpu=GeForce+RTX+3090&id=4284",2020-09-18,"1881.01","(2024-04-09)","Q3","2020"
"GeForce RTX 3080 Ti","16,020","https://www.videocardbenchmark.net/gpu.php?gpu=GeForce+RTX+3080+Ti&id=4409",2021-06-04,"999.99","(2024-04-12)","Q2","2021"
"Radeon RX 6900 XT","15,325","https://www.videocardbenchmark.net/gpu.php?gpu=Radeon+RX+6900+XT&id=4322",2020-12-08,"1678.08","(2024-04-13)","Q4","2020"
"RTX A6000","15,131","https://www.videocardbenchmark.net/gpu.php?gpu=RTX+A6000&id=4337",2021-01-28,"4109.99","(2023-06-17)","Q1","2021"
"GeForce RTX 4070","15,083","https://www.videocardbenchmark.net/gpu.php?gpu=GeForce+RTX+4070&id=4795",2023-04-14,"529.99","(2024-04-12)","Q2","2023"
"GeForce RTX 3080","15,061","https://www.videocardbenchmark.net/gpu.php?gpu=GeForce+RTX+3080&id=4282",2020-09-17,"499.99","(2024-03-17)","Q3","2020"
"Radeon RX 6950 XT","14,991","https://www.videocardbenchmark.net/gpu.php?gpu=Radeon+RX+6950+XT&id=4540",2022-05-10,"1148.16","(2024-04-08)","Q2","2022"
"Radeon RX 6800 XT","13,965","https://www.videocardbenchmark.net/gpu.php?gpu=Radeon+RX+6800+XT&id=4312",2020-11-18,"834.99","(2024-04-07)","Q4","2020"
"Radeon RX 7800 XT","13,661","https://www.videocardbenchmark.net/gpu.php?gpu=Radeon+RX+7800+XT&id=4917",2023-06-02,"499.99","(2024-04-06)","Q2","2023"
"RTX A5000","12,789","https://www.videocardbenchmark.net/gpu.php?gpu=RTX+A5000&id=4390",2021-05-07,"2229.99","(2023-11-21)","Q2","2021"
"Radeon RX 7700 XT","12,768","https://www.videocardbenchmark.net/gpu.php?gpu=Radeon+RX+7700+XT&id=4919",2023-09-08,"399.99","(2024-03-24)","Q3","2023"
"GeForce RTX 4060 Ti","12,510","https://www.videocardbenchmark.net/gpu.php?gpu=GeForce+RTX+4060+Ti&id=4827",2023-05-25,"384.99","(2024-04-14)","Q2","2023"
"GeForce RTX 4060 Ti 16GB","12,414","https://www.videocardbenchmark.net/gpu.php?gpu=GeForce+RTX+4060+Ti+16GB&id=4898",2023-08-05,"439.99","(2024-04-08)","Q3","2023"
"GeForce RTX 3070 Ti","12,087","https://www.videocardbenchmark.net/gpu.php?gpu=GeForce+RTX+3070+Ti&id=4413",2021-06-12,"499.99","(2024-04-09)","Q2","2021"
"GeForce RTX 3070","11,613","https://www.videocardbenchmark.net/gpu.php?gpu=GeForce+RTX+3070&id=4283",2020-10-26,"419.99","(2024-04-14)","Q4","2020"
"Radeon RX 6800","11,516","https://www.videocardbenchmark.net/gpu.php?gpu=Radeon+RX+6800&id=4314",2020-11-20,"409.99","(2024-04-02)","Q4","2020"
"GeForce RTX 2080 Ti","10,424","https://www.videocardbenchmark.net/gpu.php?gpu=GeForce+RTX+2080+Ti&id=3991",2018-09-21,"1399.99","(2023-09-17)","Q3","2018"
"GeForce RTX 3060 Ti","10,312","https://www.videocardbenchmark.net/gpu.php?gpu=GeForce+RTX+3060+Ti&id=4318",2020-12-02,"339.99","(2024-03-29)","Q4","2020"
"TITAN RTX","10,307","https://www.videocardbenchmark.net/gpu.php?gpu=TITAN+RTX&id=4029",2018-12-20,"2499","(2024-04-06)","Q4","2018"
"RTX A4000","10,166","https://www.videocardbenchmark.net/gpu.php?gpu=RTX+A4000&id=4394",2021-05-23,"749.99","(2023-03-08)","Q2","2021"
"Radeon RX 6750 XT","10,108","https://www.videocardbenchmark.net/gpu.php?gpu=Radeon+RX+6750+XT&id=4543",2022-05-13,"339.99","(2024-04-13)","Q2","2022"
"Quadro RTX 6000","9,984","https://www.videocardbenchmark.net/gpu.php?gpu=Quadro+RTX+6000&id=4015",2018-11-15,"6300","(2018-08-13)","Q4","2018"
"Quadro RTX 8000","9,894","https://www.videocardbenchmark.net/gpu.php?gpu=Quadro+RTX+8000&id=4061",2019-03-14,"4741.49","(2020-02-11)","Q1","2019"
"Radeon RX 6700 XT","9,837","https://www.videocardbenchmark.net/gpu.php?gpu=Radeon+RX+6700+XT&id=4369",2021-03-16,"349.99","(2024-04-14)","Q1","2021"
"NVIDIA TITAN Xp","9,743","https://www.videocardbenchmark.net/gpu.php?gpu=NVIDIA+TITAN+Xp&id=3728",2017-04-11,"1645","(2021-11-20)","Q2","2017"
"GeForce GTX 1080 Ti","9,731","https://www.videocardbenchmark.net/gpu.php?gpu=GeForce+GTX+1080+Ti&id=3699",2017-03-10,"483.82","(2022-05-26)","Q1","2017"
"TITAN V","9,685","https://www.videocardbenchmark.net/gpu.php?gpu=TITAN+V&id=3859",2017-12-10,"1999.99","(2021-11-20)","Q4","2017"
"GeForce RTX 4060","9,416","https://www.videocardbenchmark.net/gpu.php?gpu=GeForce+RTX+4060&id=4850",2023-07-01,"299.99","(2024-04-11)","Q3","2023"
"Quadro GV100","9,336","https://www.videocardbenchmark.net/gpu.php?gpu=Quadro+GV100&id=3919",2018-03-28,"8999","(2018-03-27)","Q1","2018"
"NVIDIA TITAN X","9,224","https://www.videocardbenchmark.net/gpu.php?gpu=NVIDIA+TITAN+X&id=3554",2016-08-03,"608.1","(2020-03-10)","Q3","2016"
"Radeon RX 7600","8,767","https://www.videocardbenchmark.net/gpu.php?gpu=Radeon+RX+7600&id=4832",2023-05-27,"259.99","(2024-04-14)","Q2","2023"
"Quadro P6000","8,687","https://www.videocardbenchmark.net/gpu.php?gpu=Quadro+P6000&id=3597",2016-10-28,"3250","(2021-05-13)","Q4","2016"
"GeForce RTX 3060 12GB","8,676","https://www.videocardbenchmark.net/gpu.php?gpu=GeForce+RTX+3060+12GB&id=4345",2021-02-25,"259.99","(2024-04-12)","Q1","2021"
"TITAN RTX","8,579","https://www.videocardbenchmark.net/gpu.php?gpu=TITAN+RTX&id=4029",2018-12-20,"2499","(2024-04-06)","Q4","2018"
"GeForce RTX 2080 SUPER","8,534","https://www.videocardbenchmark.net/gpu.php?gpu=GeForce+RTX+2080+SUPER&id=4123",2019-07-26,"684.86","(2023-12-06)","Q3","2019"
"GeForce RTX 2080","8,116","https://www.videocardbenchmark.net/gpu.php?gpu=GeForce+RTX+2080&id=3989",2018-09-19,"800.61","(2023-06-24)","Q3","2018"
"Radeon RX 6650 XT","8,006","https://www.videocardbenchmark.net/gpu.php?gpu=Radeon+RX+6650+XT&id=4541",2022-05-13,"429.99","(2024-04-02)","Q2","2022"
"Radeon RX 6600 XT","7,981","https://www.videocardbenchmark.net/gpu.php?gpu=Radeon+RX+6600+XT&id=4444",2021-08-12,"449.99","(2024-03-18)","Q3","2021"
"Radeon RX 5700 XT","7,958","https://www.videocardbenchmark.net/gpu.php?gpu=Radeon+RX+5700+XT&id=4111",2019-07-08,"436.85","(2024-04-03)","Q3","2019"
"GeForce RTX 2070 SUPER","7,787","https://www.videocardbenchmark.net/gpu.php?gpu=GeForce+RTX+2070+SUPER&id=4116",2019-07-11,"549.99","(2024-04-01)","Q3","2019"
"Radeon VII","7,655","https://www.videocardbenchmark.net/gpu.php?gpu=Radeon+VII&id=4050",2019-02-13,"1899.95","(2022-03-30)","Q1","2019"
"GeForce GTX 1080","7,626","https://www.videocardbenchmark.net/gpu.php?gpu=GeForce+GTX+1080&id=3502",2016-05-14,"442.79","(2022-04-15)","Q2","2016"
"GeForce GTX 1070 Ti","7,200","https://www.videocardbenchmark.net/gpu.php?gpu=GeForce+GTX+1070+Ti&id=3842",2017-11-04,"569.99","(2023-05-17)","Q4","2017"
"Radeon VII","7,044","https://www.videocardbenchmark.net/gpu.php?gpu=Radeon+VII&id=4050",2019-02-13,"1899.95","(2022-03-30)","Q1","2019"
"Radeon RX 6600","6,996","https://www.videocardbenchmark.net/gpu.php?gpu=Radeon+RX+6600&id=4465",2021-10-16,"329","(2021-10-13)","Q4","2021"
"Radeon Pro W5700","6,964","https://www.videocardbenchmark.net/gpu.php?gpu=Radeon+Pro+W5700&id=4182",2020-01-17,"649.99","(2023-03-17)","Q1","2020"
"GeForce RTX 2060 SUPER","6,890","https://www.videocardbenchmark.net/gpu.php?gpu=GeForce+RTX+2060+SUPER&id=4117",2019-07-12,"415.98","(2024-02-17)","Q3","2019"
"Intel Arc A770","6,770","https://www.videocardbenchmark.net/gpu.php?gpu=Intel+Arc+A770&id=4605",2022-10-04,"299.99","(2024-04-11)","Q4","2022"
"Radeon RX 5700","6,751","https://www.videocardbenchmark.net/gpu.php?gpu=Radeon+RX+5700&id=4107",2019-07-01,"309.99","(2020-12-19)","Q3","2019"
"GeForce RTX 3050","6,672","https://www.videocardbenchmark.net/gpu.php?gpu=GeForce+RTX+3050&id=4495",2022-01-28,"169.99","(2024-04-11)","Q1","2022"
"Radeon RX 5600 XT","6,612","https://www.videocardbenchmark.net/gpu.php?gpu=Radeon+RX+5600+XT&id=4186",2020-01-24,"545","(2022-04-10)","Q1","2020"
"GeForce RTX 2070","6,536","https://www.videocardbenchmark.net/gpu.php?gpu=GeForce+RTX+2070&id=4001",2018-10-18,"390.59","(2024-02-02)","Q4","2018"
"Quadro P5000","6,525","https://www.videocardbenchmark.net/gpu.php?gpu=Quadro+P5000&id=3607",2016-11-25,"1868.99","(2022-04-15)","Q4","2016"
"Radeon RX Vega 64","6,487","https://www.videocardbenchmark.net/gpu.php?gpu=Radeon+RX+Vega+64&id=3808",2017-09-01,"749.99","(2022-09-28)","Q3","2017"
"Quadro RTX 4000","6,359","https://www.videocardbenchmark.net/gpu.php?gpu=Quadro+RTX+4000&id=4053",2019-02-15,"899","(2018-11-13)","Q1","2019"
"GeForce GTX 980 Ti","6,177","https://www.videocardbenchmark.net/gpu.php?gpu=GeForce+GTX+980+Ti&id=3218",2015-06-02,"778.69","(2023-11-11)","Q2","2015"
"GeForce GTX 1070","6,103","https://www.videocardbenchmark.net/gpu.php?gpu=GeForce+GTX+1070&id=3521",2016-06-11,"529.99","(2024-03-31)","Q2","2016"
"Radeon RX Vega 56","5,994","https://www.videocardbenchmark.net/gpu.php?gpu=Radeon+RX+Vega+56&id=3821",2017-09-23,"752.99","(2022-03-30)","Q3","2017"
"Radeon Pro WX 8200","5,890","https://www.videocardbenchmark.net/gpu.php?gpu=Radeon+Pro+WX+8200&id=3976",2018-08-30,"1599.39","(2022-04-15)","Q3","2018"
"GeForce RTX 3060 Laptop GPU","5,816","https://www.videocardbenchmark.net/gpu.php?gpu=GeForce+RTX+3060+Laptop+GPU&id=4342",2021-02-08,"309.99","(2022-11-27)","Q1","2021"
"Radeon Vega Frontier Edition","5,794","https://www.videocardbenchmark.net/gpu.php?gpu=Radeon+Vega+Frontier+Edition&id=3775",2017-06-28,"1679.99","(2022-04-10)","Q2","2017"
"GeForce GTX TITAN X","5,787","https://www.videocardbenchmark.net/gpu.php?gpu=GeForce+GTX+TITAN+X&id=3162",2015-03-19,"1096.99","(2022-04-10)","Q1","2015"
"Radeon RX 6600M","5,776","https://www.videocardbenchmark.net/gpu.php?gpu=Radeon+RX+6600M&id=4449",2021-09-10,"199.99","(2024-04-11)","Q3","2021"
"Intel Arc A750","5,674","https://www.videocardbenchmark.net/gpu.php?gpu=Intel+Arc+A750&id=4612",2022-10-25,"204.99","(2024-04-10)","Q4","2022"
"GeForce RTX 2060","5,594","https://www.videocardbenchmark.net/gpu.php?gpu=GeForce+RTX+2060&id=4037",2019-01-15,"269","(2024-04-12)","Q1","2019"
"Quadro M6000","5,556","https://www.videocardbenchmark.net/gpu.php?gpu=Quadro+M6000&id=3106",2015-01-12,"4827.53","(2022-09-06)","Q1","2015"
"Radeon RX 6700M","5,415","https://www.videocardbenchmark.net/gpu.php?gpu=Radeon+RX+6700M&id=4458",2021-09-30,"269.99","(2024-04-02)","Q3","2021"
"Quadro M6000","5,387","https://www.videocardbenchmark.net/gpu.php?gpu=Quadro+M6000&id=3106",2015-01-12,"4827.53","(2022-09-06)","Q1","2015"
"GeForce GTX 1660 Ti","5,324","https://www.videocardbenchmark.net/gpu.php?gpu=GeForce+GTX+1660+Ti&id=4045",2019-02-06,"328.85","(2024-04-04)","Q1","2019"
"Radeon Pro Duo","5,222","https://www.videocardbenchmark.net/gpu.php?gpu=Radeon+Pro+Duo&id=3575",2016-09-17,"3970.36","(2023-06-10)","Q3","2016"
"Radeon Pro W5500","5,222","https://www.videocardbenchmark.net/gpu.php?gpu=Radeon+Pro+W5500&id=4192",2020-02-13,"409.99","(2022-12-14)","Q1","2020"
"GeForce GTX 1660 SUPER","5,179","https://www.videocardbenchmark.net/gpu.php?gpu=GeForce+GTX+1660+SUPER&id=4159",2019-11-02,"220.75","(2024-04-14)","Q4","2019"
"GeForce GTX 1660","5,054","https://www.videocardbenchmark.net/gpu.php?gpu=GeForce+GTX+1660&id=4062",2019-03-18,"422.99","(2024-04-14)","Q1","2019"
"Quadro P4000","5,011","https://www.videocardbenchmark.net/gpu.php?gpu=Quadro+P4000&id=3719",2017-03-31,"556.19","(2022-03-30)","Q1","2017"
"GeForce GTX 980","4,804","https://www.videocardbenchmark.net/gpu.php?gpu=GeForce+GTX+980&id=2953",2014-09-19,"247.35","(2022-04-15)","Q3","2014"
"GeForce RTX 2080 with Max-Q Design","4,751","https://www.videocardbenchmark.net/gpu.php?gpu=GeForce+RTX+2080+with+Max-Q+Design&id=4041",2019-02-01,"2099.99","(2020-03-13)","Q1","2019"
"Radeon RX 6500 XT","4,723","https://www.videocardbenchmark.net/gpu.php?gpu=Radeon+RX+6500+XT&id=4488",2022-01-21,"189.99","(2024-04-13)","Q1","2022"
"Radeon RX 5500 XT","4,673","https://www.videocardbenchmark.net/gpu.php?gpu=Radeon+RX+5500+XT&id=4174",2019-12-12,"181.29","(2024-02-25)","Q4","2019"
"GeForce GTX 1650 SUPER","4,517","https://www.videocardbenchmark.net/gpu.php?gpu=GeForce+GTX+1650+SUPER&id=4167",2019-11-27,"209.99","(2024-04-02)","Q4","2019"
"Quadro P2200","4,476","https://www.videocardbenchmark.net/gpu.php?gpu=Quadro+P2200&id=4133",2019-08-22,"459.8","(2022-08-20)","Q3","2019"
"Radeon R9 Fury + Fury X","4,355","https://www.videocardbenchmark.net/gpu.php?gpu=Radeon+R9+Fury+%2B+Fury+X&id=3245",2015-07-10,"449.99","(2021-11-20)","Q3","2015"
"GeForce GTX 1060","4,300","https://www.videocardbenchmark.net/gpu.php?gpu=GeForce+GTX+1060&id=3548",2016-07-20,"279.99","(2022-04-15)","Q3","2016"
"GeForce GTX 1060 5GB","4,181","https://www.videocardbenchmark.net/gpu.php?gpu=GeForce+GTX+1060+5GB&id=3923",2018-04-12,"487.99","(2021-11-21)","Q2","2018"
"GeForce GTX Titan","4,127","https://www.videocardbenchmark.net/gpu.php?gpu=GeForce+GTX+Titan&id=2433",2013-02-28,"745","(2021-12-17)","Q1","2013"
"GeForce GTX 1060 3GB","4,114","https://www.videocardbenchmark.net/gpu.php?gpu=GeForce+GTX+1060+3GB&id=3566",2016-08-24,"269.99","(2022-06-12)","Q3","2016"
"GeForce GTX 780 Ti","4,111","https://www.videocardbenchmark.net/gpu.php?gpu=GeForce+GTX+780+Ti&id=2717",2013-11-08,"339.99","(2021-11-20)","Q4","2013"
"GeForce GTX 970","4,092","https://www.videocardbenchmark.net/gpu.php?gpu=GeForce+GTX+970&id=2954",2014-09-19,"237.99","(2022-03-30)","Q3","2014"
"Radeon RX 590","4,044","https://www.videocardbenchmark.net/gpu.php?gpu=Radeon+RX+590&id=4025",2018-11-27,"549.99","(2022-03-30)","Q4","2018"
"Quadro M5000","4,027","https://www.videocardbenchmark.net/gpu.php?gpu=Quadro+M5000&id=3369",2015-11-24,"499","(2022-04-15)","Q4","2015"
"Quadro P2200","3,971","https://www.videocardbenchmark.net/gpu.php?gpu=Quadro+P2200&id=4133",2019-08-22,"459.8","(2022-08-20)","Q3","2019"
"Radeon RX 470/570","3,852","https://www.videocardbenchmark.net/gpu.php?gpu=Radeon+RX+470%2F570&id=3558",2016-08-10,"388.99","(2022-04-15)","Q3","2016"
"GeForce RTX 3050 Laptop GPU","3,819","https://www.videocardbenchmark.net/gpu.php?gpu=GeForce+RTX+3050+Laptop+GPU&id=4408",2021-05-29,"269.99","(2022-11-29)","Q2","2021"
"GeForce GTX TITAN Black","3,800","https://www.videocardbenchmark.net/gpu.php?gpu=GeForce+GTX+TITAN+Black&id=2842",2014-03-21,"524.99","(2021-12-24)","Q1","2014"
"Quadro T2000","3,736","https://www.videocardbenchmark.net/gpu.php?gpu=Quadro+T2000&id=4113",2019-07-08,"528.35","(2022-04-10)","Q3","2019"
"Quadro P2000","3,673","https://www.videocardbenchmark.net/gpu.php?gpu=Quadro+P2000&id=3712",2017-03-27,"439.6","(2023-06-09)","Q1","2017"
"Radeon RX 580","3,649","https://www.videocardbenchmark.net/gpu.php?gpu=Radeon+RX+580&id=3736",2017-04-23,"179.99","(2023-01-19)","Q2","2017"
"Radeon RX 480","3,584","https://www.videocardbenchmark.net/gpu.php?gpu=Radeon+RX+480&id=3533",2016-06-28,"339.99","(2022-04-15)","Q2","2016"
"GeForce GTX Titan","3,497","https://www.videocardbenchmark.net/gpu.php?gpu=GeForce+GTX+Titan&id=2433",2013-02-28,"745","(2021-12-17)","Q1","2013"
"GeForce GTX TITAN Z","3,419","https://www.videocardbenchmark.net/gpu.php?gpu=GeForce+GTX+TITAN+Z&id=2884",2014-06-07,"1515","(2022-04-15)","Q2","2014"
"Quadro M5000M","3,397","https://www.videocardbenchmark.net/gpu.php?gpu=Quadro+M5000M&id=3408",2016-01-03,"546.92","(2022-03-30)","Q1","2016"
"GeForce GTX TITAN Z","3,381","https://www.videocardbenchmark.net/gpu.php?gpu=GeForce+GTX+TITAN+Z&id=2884",2014-06-07,"1515","(2022-04-15)","Q2","2014"
"Quadro K6000","3,364","https://www.videocardbenchmark.net/gpu.php?gpu=Quadro+K6000&id=2666",2013-10-04,"210.66","(2022-08-02)","Q4","2013"
"GeForce GTX 780","3,329","https://www.videocardbenchmark.net/gpu.php?gpu=GeForce+GTX+780&id=2525",2013-05-28,"279.99","(2021-11-20)","Q2","2013"
"Radeon R9 290X / 390X","3,300","https://www.videocardbenchmark.net/gpu.php?gpu=Radeon+R9+290X+%2F+390X&id=2697",2013-10-25,"319.99","(2022-03-30)","Q4","2013"
"Radeon R9 295X2","3,278","https://www.videocardbenchmark.net/gpu.php?gpu=Radeon+R9+295X2&id=2878",2014-05-25,"499.1","(2020-03-10)","Q2","2014"
"Quadro T1000","3,274","https://www.videocardbenchmark.net/gpu.php?gpu=Quadro+T1000&id=4124",2019-07-28,"367.99","(2024-01-02)","Q3","2019"
"Radeon Pro WX 7100","3,207","https://www.videocardbenchmark.net/gpu.php?gpu=Radeon+Pro+WX+7100&id=3611",2016-11-29,"1047.99","(2022-03-30)","Q4","2016"
"Radeon HD 7970 / R9 280X","3,168","https://www.videocardbenchmark.net/gpu.php?gpu=Radeon+HD+7970+%2F+R9+280X&id=51",2012-08-17,"246.99","(2022-03-30)","Q3","2012"
"Radeon R9 290 / 390","3,137","https://www.videocardbenchmark.net/gpu.php?gpu=Radeon+R9+290+%2F+390&id=2719",2013-11-09,"380","(2022-03-30)","Q4","2013"
"Radeon Pro Duo","3,123","https://www.videocardbenchmark.net/gpu.php?gpu=Radeon+Pro+Duo&id=3575",2016-09-17,"3970.36","(2023-06-10)","Q3","2016"
"GeForce GTX 1650","3,086","https://www.videocardbenchmark.net/gpu.php?gpu=GeForce+GTX+1650&id=4078",2019-04-27,"148.47","(2024-03-21)","Q2","2019"
"Radeon RX 470/570","3,061","https://www.videocardbenchmark.net/gpu.php?gpu=Radeon+RX+470%2F570&id=3558",2016-08-10,"388.99","(2022-04-15)","Q3","2016"
"FirePro W9100","3,051","https://www.videocardbenchmark.net/gpu.php?gpu=FirePro+W9100&id=3028",2014-11-04,"1729.99","(2022-04-15)","Q4","2014"
"Radeon RX 6400","2,993","https://www.videocardbenchmark.net/gpu.php?gpu=Radeon+RX+6400&id=4536",2022-04-23,"159","(2024-04-10)","Q2","2022"
"Radeon HD 7990","2,939","https://www.videocardbenchmark.net/gpu.php?gpu=Radeon+HD+7990&id=2528",2013-05-04,"399.99","(2021-05-27)","Q2","2013"
"Quadro P2000","2,926","https://www.videocardbenchmark.net/gpu.php?gpu=Quadro+P2000&id=3712",2017-03-27,"439.6","(2023-06-09)","Q1","2017"
"Intel Arc A380","2,924","https://www.videocardbenchmark.net/gpu.php?gpu=Intel+Arc+A380&id=4568",2022-07-22,"124.99","(2024-04-08)","Q3","2022"
"Quadro T2000","2,876","https://www.videocardbenchmark.net/gpu.php?gpu=Quadro+T2000&id=4113",2019-07-08,"528.35","(2022-04-10)","Q3","2019"
"GeForce GTX 970M","2,827","https://www.videocardbenchmark.net/gpu.php?gpu=GeForce+GTX+970M&id=2981",2014-10-18,"209.99","(2020-03-14)","Q4","2014"
"GeForce GTX 960","2,807","https://www.videocardbenchmark.net/gpu.php?gpu=GeForce+GTX+960&id=3114",2015-01-23,"172","(2021-11-20)","Q1","2015"
"GeForce GTX 980M","2,796","https://www.videocardbenchmark.net/gpu.php?gpu=GeForce+GTX+980M&id=2976",2014-10-16,"289.99","(2020-03-10)","Q4","2014"
"GeForce GTX 770","2,754","https://www.videocardbenchmark.net/gpu.php?gpu=GeForce+GTX+770&id=2531",2013-06-01,"249","(2022-03-30)","Q2","2013"
"Radeon HD 7950 / R9 280","2,725","https://www.videocardbenchmark.net/gpu.php?gpu=Radeon+HD+7950+%2F+R9+280&id=325",2012-06-09,"132.2","(2022-05-26)","Q2","2012"
"Quadro M5000M","2,684","https://www.videocardbenchmark.net/gpu.php?gpu=Quadro+M5000M&id=3408",2016-01-03,"546.92","(2022-03-30)","Q1","2016"
"Quadro M4000","2,679","https://www.videocardbenchmark.net/gpu.php?gpu=Quadro+M4000&id=3325",2015-10-05,"362","(2022-03-30)","Q4","2015"
"GeForce GTX 1050 Ti","2,642","https://www.videocardbenchmark.net/gpu.php?gpu=GeForce+GTX+1050+Ti&id=3595",2016-10-27,"479.61","(2024-04-01)","Q4","2016"
"GeForce GTX 680","2,623","https://www.videocardbenchmark.net/gpu.php?gpu=GeForce+GTX+680&id=41",2012-08-17,"399","(2022-03-30)","Q3","2012"
"Quadro K5200","2,603","https://www.videocardbenchmark.net/gpu.php?gpu=Quadro+K5200&id=2941",2014-09-09,"415","(2022-04-15)","Q3","2014"
"FirePro W7100","2,600","https://www.videocardbenchmark.net/gpu.php?gpu=FirePro+W7100&id=3130",2015-02-08,"389.3","(2022-04-15)","Q1","2015"
"Radeon R9 270X","2,593","https://www.videocardbenchmark.net/gpu.php?gpu=Radeon+R9+270X&id=2702",2013-10-17,"326.5","(2022-04-15)","Q4","2013"
"FirePro W8100","2,588","https://www.videocardbenchmark.net/gpu.php?gpu=FirePro+W8100&id=2937",2014-08-27,"704","(2021-12-17)","Q3","2014"
"Quadro T1000","2,538","https://www.videocardbenchmark.net/gpu.php?gpu=Quadro+T1000&id=4124",2019-07-28,"367.99","(2024-01-02)","Q3","2019"
"GeForce GTX 690","2,524","https://www.videocardbenchmark.net/gpu.php?gpu=GeForce+GTX+690&id=1462",2012-05-09,"280.99","(2022-03-30)","Q2","2012"
"Quadro P1000","2,490","https://www.videocardbenchmark.net/gpu.php?gpu=Quadro+P1000&id=3727",2017-04-10,"289.99","(2023-04-11)","Q2","2017"
"Radeon R9 380X","2,448","https://www.videocardbenchmark.net/gpu.php?gpu=Radeon+R9+380X&id=3266",2015-07-24,"349.99","(2021-12-24)","Q3","2015"
"Radeon R9 285 / 380","2,447","https://www.videocardbenchmark.net/gpu.php?gpu=Radeon+R9+285+%2F+380&id=3116",2015-01-24,"485","(2022-04-10)","Q1","2015"
"GeForce GTX 760","2,431","https://www.videocardbenchmark.net/gpu.php?gpu=GeForce+GTX+760&id=2561",2013-06-27,"149","(2022-03-30)","Q2","2013"
"GRID K2","2,400","https://www.videocardbenchmark.net/gpu.php?gpu=GRID+K2&id=2616",2013-08-12,"4449.99","(2023-12-19)","Q3","2013"
"GeForce GTX 670","2,396","https://www.videocardbenchmark.net/gpu.php?gpu=GeForce+GTX+670&id=35",2012-08-16,"193.98","(2022-04-10)","Q3","2012"
"GeForce GTX 690","2,391","https://www.videocardbenchmark.net/gpu.php?gpu=GeForce+GTX+690&id=1462",2012-05-09,"280.99","(2022-03-30)","Q2","2012"
"Quadro M4000M","2,376","https://www.videocardbenchmark.net/gpu.php?gpu=Quadro+M4000M&id=3297",2015-08-26,"254.91","(2022-03-30)","Q3","2015"
"Radeon Pro WX 4150","2,375","https://www.videocardbenchmark.net/gpu.php?gpu=Radeon+Pro+WX+4150&id=3787",2017-07-20,"610.04","(2022-06-01)","Q3","2017"
"GeForce GTX 760 Ti","2,335","https://www.videocardbenchmark.net/gpu.php?gpu=GeForce+GTX+760+Ti&id=2801",2014-01-24,"297.5","(2015-06-17)","Q1","2014"
"Quadro M2200","2,311","https://www.videocardbenchmark.net/gpu.php?gpu=Quadro+M2200&id=3732",2017-04-20,"249.99","(2020-02-10)","Q2","2017"
"GeForce GTX 970M","2,309","https://www.videocardbenchmark.net/gpu.php?gpu=GeForce+GTX+970M&id=2981",2014-10-18,"209.99","(2020-03-14)","Q4","2014"
"Radeon R9 380","2,304","https://www.videocardbenchmark.net/gpu.php?gpu=Radeon+R9+380&id=3460",2016-03-30,"89.99","(2020-03-16)","Q1","2016"
"GeForce GTX 660 Ti","2,284","https://www.videocardbenchmark.net/gpu.php?gpu=GeForce+GTX+660+Ti&id=88",2012-08-20,"144","(2022-03-30)","Q3","2012"
"GeForce GTX 950","2,264","https://www.videocardbenchmark.net/gpu.php?gpu=GeForce+GTX+950&id=3295",2015-08-23,"141.99","(2022-03-30)","Q3","2015"
"Radeon R9 270 / R7 370","2,228","https://www.videocardbenchmark.net/gpu.php?gpu=Radeon+R9+270+%2F+R7+370&id=2766",2013-12-02,"213.16","(2022-04-10)","Q4","2013"
"Radeon R9 270X","2,227","https://www.videocardbenchmark.net/gpu.php?gpu=Radeon+R9+270X&id=2702",2013-10-17,"326.5","(2022-04-15)","Q4","2013"
"FirePro S7000","2,224","https://www.videocardbenchmark.net/gpu.php?gpu=FirePro+S7000&id=2804",2014-02-03,"246.54","(2021-06-10)","Q1","2014"
"Radeon R9 370","2,206","https://www.videocardbenchmark.net/gpu.php?gpu=Radeon+R9+370&id=3469",2016-04-08,"159.99","(2021-12-24)","Q2","2016"
"Radeon Pro WX 5100","2,201","https://www.videocardbenchmark.net/gpu.php?gpu=Radeon+Pro+WX+5100&id=3619",2016-12-13,"359.99","(2022-12-30)","Q4","2016"
"GeForce GTX 760","2,164","https://www.videocardbenchmark.net/gpu.php?gpu=GeForce+GTX+760&id=2561",2013-06-27,"149","(2022-03-30)","Q2","2013"
"FirePro W8000","2,160","https://www.videocardbenchmark.net/gpu.php?gpu=FirePro+W8000&id=2427",2013-02-24,"573","(2022-03-30)","Q1","2013"
"FirePro W9000","2,153","https://www.videocardbenchmark.net/gpu.php?gpu=FirePro+W9000&id=2281",2012-11-19,"845","(2021-12-17)","Q4","2012"
"Quadro M3000M","2,124","https://www.videocardbenchmark.net/gpu.php?gpu=Quadro+M3000M&id=3394",2015-12-20,"159.95","(2020-03-10)","Q4","2015"
"Radeon HD 7870","2,117","https://www.videocardbenchmark.net/gpu.php?gpu=Radeon+HD+7870&id=324",2012-06-05,"176","(2021-11-20)","Q2","2012"
"GeForce GTX 1050","2,090","https://www.videocardbenchmark.net/gpu.php?gpu=GeForce+GTX+1050&id=3596",2016-10-27,"239","(2023-11-25)","Q4","2016"
"Quadro K5100M","2,072","https://www.videocardbenchmark.net/gpu.php?gpu=Quadro+K5100M&id=2798",2014-01-21,"1108.84","(2021-05-25)","Q1","2014"
"GeForce GTX 480","2,059","https://www.videocardbenchmark.net/gpu.php?gpu=GeForce+GTX+480&id=100",2012-08-21,"169.99","(2021-11-20)","Q3","2012"
"Radeon R9 M295X","2,057","https://www.videocardbenchmark.net/gpu.php?gpu=Radeon+R9+M295X&id=2985",2014-10-21,"1449","(2021-05-22)","Q4","2014"
"FirePro W7000","1,942","https://www.videocardbenchmark.net/gpu.php?gpu=FirePro+W7000&id=2232",2012-10-29,"278.05","(2022-04-10)","Q4","2012"
"GRID K520","1,940","https://www.videocardbenchmark.net/gpu.php?gpu=GRID+K520&id=2742",2013-11-30,"149.99","(2021-12-17)","Q4","2013"
"GeForce GTX 580","1,897","https://www.videocardbenchmark.net/gpu.php?gpu=GeForce+GTX+580&id=68",2012-08-18,"139.92","(2022-03-30)","Q3","2012"
"FirePro W7100","1,896","https://www.videocardbenchmark.net/gpu.php?gpu=FirePro+W7100&id=3130",2015-02-08,"389.3","(2022-04-15)","Q1","2015"
"Radeon HD 8970M","1,892","https://www.videocardbenchmark.net/gpu.php?gpu=Radeon+HD+8970M&id=2865",2014-04-28,"139.99","(2019-11-13)","Q2","2014"
"Quadro P1000","1,876","https://www.videocardbenchmark.net/gpu.php?gpu=Quadro+P1000&id=3727",2017-04-10,"289.99","(2023-04-11)","Q2","2017"
"Quadro P600","1,857","https://www.videocardbenchmark.net/gpu.php?gpu=Quadro+P600&id=3729",2017-04-13,"210.58","(2024-02-25)","Q2","2017"
"Quadro M2200","1,855","https://www.videocardbenchmark.net/gpu.php?gpu=Quadro+M2200&id=3732",2017-04-20,"249.99","(2020-02-10)","Q2","2017"
"Quadro M2000M","1,841","https://www.videocardbenchmark.net/gpu.php?gpu=Quadro+M2000M&id=3373",2015-11-25,"213.16","(2022-04-10)","Q4","2015"
"Quadro M2000","1,828","https://www.videocardbenchmark.net/gpu.php?gpu=Quadro+M2000&id=3512",2016-05-31,"264.24","(2022-03-30)","Q2","2016"
"GeForce GTX 660","1,820","https://www.videocardbenchmark.net/gpu.php?gpu=GeForce+GTX+660&id=2152",2012-09-22,"167.95","(2022-03-30)","Q3","2012"
"Quadro K4200","1,799","https://www.videocardbenchmark.net/gpu.php?gpu=Quadro+K4200&id=2944",2014-09-13,"249","(2021-12-21)","Q3","2014"
"GeForce GTX 680M","1,782","https://www.videocardbenchmark.net/gpu.php?gpu=GeForce+GTX+680M&id=1461",2012-07-23,"135.99","(2020-03-10)","Q3","2012"
"GeForce GTX 750 Ti","1,763","https://www.videocardbenchmark.net/gpu.php?gpu=GeForce+GTX+750+Ti&id=2815",2014-02-15,"88.11","(2022-04-10)","Q1","2014"
"GeForce GTX 780M","1,740","https://www.videocardbenchmark.net/gpu.php?gpu=GeForce+GTX+780M&id=2536",2013-06-06,"499","(2021-05-16)","Q2","2013"
"Quadro K5000","1,732","https://www.videocardbenchmark.net/gpu.php?gpu=Quadro+K5000&id=2258",2012-11-07,"249","(2021-12-21)","Q4","2012"
"Radeon RX 460","1,694","https://www.videocardbenchmark.net/gpu.php?gpu=Radeon+RX+460&id=3557",2016-08-09,"166.81","(2022-04-15)","Q3","2016"
"Radeon HD 7850","1,683","https://www.videocardbenchmark.net/gpu.php?gpu=Radeon+HD+7850&id=323",2012-05-03,"169.99","(2022-04-10)","Q2","2012"
"Quadro K5100M","1,591","https://www.videocardbenchmark.net/gpu.php?gpu=Quadro+K5100M&id=2798",2014-01-21,"1108.84","(2021-05-25)","Q1","2014"
"Quadro K2200","1,590","https://www.videocardbenchmark.net/gpu.php?gpu=Quadro+K2200&id=2947",2014-09-15,"268.3","(2022-04-15)","Q3","2014"
"Radeon Pro WX 4100","1,577","https://www.videocardbenchmark.net/gpu.php?gpu=Radeon+Pro+WX+4100&id=3694",2017-03-04,"499.99","(2021-11-20)","Q1","2017"
"GeForce GTX 750","1,575","https://www.videocardbenchmark.net/gpu.php?gpu=GeForce+GTX+750&id=2825",2014-02-27,"79.99","(2022-05-10)","Q1","2014"
"Quadro K4100M","1,575","https://www.videocardbenchmark.net/gpu.php?gpu=Quadro+K4100M&id=2736",2013-12-05,"261.29","(2021-11-20)","Q4","2013"
"Radeon HD 7790","1,571","https://www.videocardbenchmark.net/gpu.php?gpu=Radeon+HD+7790&id=2502",2013-04-09,"139.99","(2021-05-16)","Q2","2013"
"Quadro P620","1,565","https://www.videocardbenchmark.net/gpu.php?gpu=Quadro+P620&id=3954",2018-06-30,"574.55","(2023-08-01)","Q2","2018"
"Quadro M1000M","1,544","https://www.videocardbenchmark.net/gpu.php?gpu=Quadro+M1000M&id=3349",2015-11-03,"85.99","(2019-12-14)","Q4","2015"
"GeForce GTX 580","1,531","https://www.videocardbenchmark.net/gpu.php?gpu=GeForce+GTX+580&id=68",2012-08-18,"139.92","(2022-03-30)","Q3","2012"
"GeForce GTX 860M","1,520","https://www.videocardbenchmark.net/gpu.php?gpu=GeForce+GTX+860M&id=2866",2014-04-30,"114","(2021-05-13)","Q2","2014"
"Radeon RX 560","1,485","https://www.videocardbenchmark.net/gpu.php?gpu=Radeon+RX+560&id=3708",2017-03-20,"200.69","(2024-04-14)","Q1","2017"
"Quadro M2000M","1,483","https://www.videocardbenchmark.net/gpu.php?gpu=Quadro+M2000M&id=3373",2015-11-25,"213.16","(2022-04-10)","Q4","2015"
"GeForce GTX 680M","1,471","https://www.videocardbenchmark.net/gpu.php?gpu=GeForce+GTX+680M&id=1461",2012-07-23,"135.99","(2020-03-10)","Q3","2012"
"GeForce 8800 GTX","1,471","https://www.videocardbenchmark.net/gpu.php?gpu=GeForce+8800+GTX&id=119",2012-08-22,"119.99","(2022-03-30)","Q3","2012"
"GeForce GTX 750","1,456","https://www.videocardbenchmark.net/gpu.php?gpu=GeForce+GTX+750&id=2825",2014-02-27,"79.99","(2022-05-10)","Q1","2014"
"Radeon R7 260X","1,448","https://www.videocardbenchmark.net/gpu.php?gpu=Radeon+R7+260X&id=2701",2013-10-28,"139.99","(2021-05-16)","Q4","2013"
"Tesla C2070","1,437","https://www.videocardbenchmark.net/gpu.php?gpu=Tesla+C2070&id=1670",2011-02-09,"604","(2021-12-17)","Q1","2011"
"GeForce GTX 960M","1,436","https://www.videocardbenchmark.net/gpu.php?gpu=GeForce+GTX+960M&id=3176",2015-04-02,"1169","(2020-03-16)","Q2","2015"
"FirePro 3D V8800","1,427","https://www.videocardbenchmark.net/gpu.php?gpu=FirePro+3D+V8800&id=442",2010-08-27,"424.99","(2014-03-19)","Q3","2010"
"GeForce GTX 570","1,413","https://www.videocardbenchmark.net/gpu.php?gpu=GeForce+GTX+570&id=15",2012-08-14,"149.99","(2021-11-20)","Q3","2012"
"Quadro K5000M","1,404","https://www.videocardbenchmark.net/gpu.php?gpu=Quadro+K5000M&id=1618",2012-08-09,"508.91","(2022-04-15)","Q3","2012"
"Radeon RX Vega 11","1,389","https://www.videocardbenchmark.net/gpu.php?gpu=Radeon+RX+Vega+11&id=3893",2018-02-05,"1002","(2021-05-22)","Q1","2018"
"GeForce GTX 590","1,384","https://www.videocardbenchmark.net/gpu.php?gpu=GeForce+GTX+590&id=1457",2011-03-25,"435","(2022-03-30)","Q1","2011"
"Quadro P600","1,380","https://www.videocardbenchmark.net/gpu.php?gpu=Quadro+P600&id=3729",2017-04-13,"210.58","(2024-02-25)","Q2","2017"
"FirePro 3D V9800","1,375","https://www.videocardbenchmark.net/gpu.php?gpu=FirePro+3D+V9800&id=443",2011-05-16,"2499","(2014-03-07)","Q2","2011"
"Radeon R7 260","1,361","https://www.videocardbenchmark.net/gpu.php?gpu=Radeon+R7+260&id=2903",2014-07-06,"89.99","(2015-01-03)","Q3","2014"
"GeForce GTX 960M","1,346","https://www.videocardbenchmark.net/gpu.php?gpu=GeForce+GTX+960M&id=3176",2015-04-02,"1169","(2020-03-16)","Q2","2015"
"Radeon R9 360","1,329","https://www.videocardbenchmark.net/gpu.php?gpu=Radeon+R9+360&id=3327",2015-10-07,"133.89","(2021-09-09)","Q4","2015"
"GeForce GTX 650 Ti","1,323","https://www.videocardbenchmark.net/gpu.php?gpu=GeForce+GTX+650+Ti&id=2177",2012-10-14,"93.05","(2022-03-30)","Q4","2012"
"FirePro W5000","1,320","https://www.videocardbenchmark.net/gpu.php?gpu=FirePro+W5000&id=2227",2012-10-27,"184","(2022-03-30)","Q4","2012"
"Radeon R7 360","1,297","https://www.videocardbenchmark.net/gpu.php?gpu=Radeon+R7+360&id=3233",2015-06-30,"145.99","(2021-11-20)","Q2","2015"
"GRID K2","1,293","https://www.videocardbenchmark.net/gpu.php?gpu=GRID+K2&id=2616",2013-08-12,"4449.99","(2023-12-19)","Q3","2013"
"GeForce GTX 950M","1,288","https://www.videocardbenchmark.net/gpu.php?gpu=GeForce+GTX+950M&id=3171",2015-03-31,"567","(2020-03-14)","Q1","2015"
"GeForce GTX 860M","1,259","https://www.videocardbenchmark.net/gpu.php?gpu=GeForce+GTX+860M&id=2866",2014-04-30,"114","(2021-05-13)","Q2","2014"
"FirePro W5100","1,258","https://www.videocardbenchmark.net/gpu.php?gpu=FirePro+W5100&id=3044",2014-11-14,"125.99","(2022-04-10)","Q4","2014"
"GeForce GT 1030","1,257","https://www.videocardbenchmark.net/gpu.php?gpu=GeForce+GT+1030&id=3757",2017-05-25,"103.56","(2024-04-14)","Q2","2017"
"Radeon HD 6990","1,255","https://www.videocardbenchmark.net/gpu.php?gpu=Radeon+HD+6990&id=292",2011-03-23,"498.49","(2021-09-01)","Q1","2011"
"GeForce MX150","1,246","https://www.videocardbenchmark.net/gpu.php?gpu=GeForce+MX150&id=3789",2017-07-28,"59.29","(2022-03-30)","Q3","2017"
"GeForce GTX 560 Ti","1,245","https://www.videocardbenchmark.net/gpu.php?gpu=GeForce+GTX+560+Ti&id=18",2012-08-10,"129.99","(2021-05-27)","Q3","2012"
"GeForce GTX 770M","1,244","https://www.videocardbenchmark.net/gpu.php?gpu=GeForce+GTX+770M&id=2534",2013-06-10,"138","(2020-03-10)","Q2","2013"
"Radeon HD 5970","1,231","https://www.videocardbenchmark.net/gpu.php?gpu=Radeon+HD+5970&id=20",2012-08-11,"179.99","(2022-03-30)","Q3","2012"
"Quadro K5000M","1,221","https://www.videocardbenchmark.net/gpu.php?gpu=Quadro+K5000M&id=1618",2012-08-09,"508.91","(2022-04-15)","Q3","2012"
"Quadro K1200","1,207","https://www.videocardbenchmark.net/gpu.php?gpu=Quadro+K1200&id=3193",2015-04-20,"285.29","(2023-01-05)","Q2","2015"
"Quadro K3100M","1,204","https://www.videocardbenchmark.net/gpu.php?gpu=Quadro+K3100M&id=2684",2013-11-06,"399.95","(2019-10-02)","Q4","2013"
"Quadro K620","1,198","https://www.videocardbenchmark.net/gpu.php?gpu=Quadro+K620&id=2950",2014-09-16,"2029.99","(2021-05-21)","Q3","2014"
"Quadro K4100M","1,196","https://www.videocardbenchmark.net/gpu.php?gpu=Quadro+K4100M&id=2736",2013-12-05,"261.29","(2021-11-20)","Q4","2013"
"FirePro W4100","1,187","https://www.videocardbenchmark.net/gpu.php?gpu=FirePro+W4100&id=3019",2014-11-01,"184","(2021-12-17)","Q4","2014"
"Radeon HD 7770","1,178","https://www.videocardbenchmark.net/gpu.php?gpu=Radeon+HD+7770&id=322",2012-06-13,"300","(2022-03-30)","Q2","2012"
"Quadro K4000M","1,171","https://www.videocardbenchmark.net/gpu.php?gpu=Quadro+K4000M&id=2159",2012-10-02,"254","(2021-12-17)","Q4","2012"
"Quadro M600M","1,170","https://www.videocardbenchmark.net/gpu.php?gpu=Quadro+M600M&id=3397",2015-12-28,"251.99","(2021-11-20)","Q4","2015"
"Quadro M1000M","1,162","https://www.videocardbenchmark.net/gpu.php?gpu=Quadro+M1000M&id=3349",2015-11-03,"85.99","(2019-12-14)","Q4","2015"
"GeForce GTX 590","1,161","https://www.videocardbenchmark.net/gpu.php?gpu=GeForce+GTX+590&id=1457",2011-03-25,"435","(2022-03-30)","Q1","2011"
"Quadro K4000","1,138","https://www.videocardbenchmark.net/gpu.php?gpu=Quadro+K4000&id=2272",2012-11-17,"270","(2022-04-15)","Q4","2012"
"FirePro W4300","1,138","https://www.videocardbenchmark.net/gpu.php?gpu=FirePro+W4300&id=3425",2016-02-03,"239.99","(2017-12-01)","Q1","2016"
"GeForce GTX 950M","1,129","https://www.videocardbenchmark.net/gpu.php?gpu=GeForce+GTX+950M&id=3171",2015-03-31,"567","(2020-03-14)","Q1","2015"
"GeForce GTX 460","1,120","https://www.videocardbenchmark.net/gpu.php?gpu=GeForce+GTX+460&id=31",2012-08-15,"89.99","(2022-03-30)","Q3","2012"
"Radeon HD 6970","1,104","https://www.videocardbenchmark.net/gpu.php?gpu=Radeon+HD+6970&id=84",2012-08-20,"149.99","(2022-04-10)","Q3","2012"
"FirePro M6000","1,098","https://www.videocardbenchmark.net/gpu.php?gpu=FirePro+M6000&id=2231",2012-10-29,"325.99","(2022-03-30)","Q4","2012"
"FirePro 3D V7800","1,091","https://www.videocardbenchmark.net/gpu.php?gpu=FirePro+3D+V7800&id=438",2010-08-21,"599.99","(2014-03-07)","Q3","2010"
"GeForce GTX 470","1,081","https://www.videocardbenchmark.net/gpu.php?gpu=GeForce+GTX+470&id=55",2012-08-18,"59.99","(2021-06-18)","Q3","2012"
"Radeon HD 5870","1,081","https://www.videocardbenchmark.net/gpu.php?gpu=Radeon+HD+5870&id=48",2012-08-18,"295","(2022-03-30)","Q3","2012"
"Quadro 6000","1,075","https://www.videocardbenchmark.net/gpu.php?gpu=Quadro+6000&id=1554",2010-10-19,"4092.38","(2022-04-12)","Q4","2010"
"GeForce GTX 765M","1,065","https://www.videocardbenchmark.net/gpu.php?gpu=GeForce+GTX+765M&id=2537",2013-06-09,"186.3","(2021-05-20)","Q2","2013"
"GeForce GTX 460 v2","1,062","https://www.videocardbenchmark.net/gpu.php?gpu=GeForce+GTX+460+v2&id=1447",2011-10-12,"199.99","(2011-10-14)","Q4","2011"
"Radeon HD 6870","1,060","https://www.videocardbenchmark.net/gpu.php?gpu=Radeon+HD+6870&id=22",2012-08-13,"275","(2022-04-10)","Q3","2012"
"GeForce GTX 560","1,048","https://www.videocardbenchmark.net/gpu.php?gpu=GeForce+GTX+560&id=71",2012-08-18,"205","(2022-04-10)","Q3","2012"
"Radeon RX 550","1,031","https://www.videocardbenchmark.net/gpu.php?gpu=Radeon+RX+550&id=3761",2017-06-17,"166.26","(2024-04-13)","Q2","2017"
"Radeon Pro WX 3200","1,026","https://www.videocardbenchmark.net/gpu.php?gpu=Radeon+Pro+WX+3200&id=4065",2019-11-25,"158.35","(2024-04-04)","Q4","2019"
"GeForce GTX 580M","1,021","https://www.videocardbenchmark.net/gpu.php?gpu=GeForce+GTX+580M&id=1455",2011-07-29,"248.68","(2020-03-10)","Q3","2011"
"GeForce GTX 460","1,014","https://www.videocardbenchmark.net/gpu.php?gpu=GeForce+GTX+460&id=31",2012-08-15,"89.99","(2022-03-30)","Q3","2012"
"Radeon HD 6950","1,002","https://www.videocardbenchmark.net/gpu.php?gpu=Radeon+HD+6950&id=36",2012-08-16,"139.99","(2022-03-30)","Q3","2012"
"GeForce GTX 745","997","https://www.videocardbenchmark.net/gpu.php?gpu=GeForce+GTX+745&id=2843",2014-03-22,"284.95","(2022-03-30)","Q1","2014"
"Quadro K620","969","https://www.videocardbenchmark.net/gpu.php?gpu=Quadro+K620&id=2950",2014-09-16,"2029.99","(2021-05-21)","Q3","2014"
"Radeon HD 5970","965","https://www.videocardbenchmark.net/gpu.php?gpu=Radeon+HD+5970&id=20",2012-08-11,"179.99","(2022-03-30)","Q3","2012"
"GeForce MX150","951","https://www.videocardbenchmark.net/gpu.php?gpu=GeForce+MX150&id=3789",2017-07-28,"59.29","(2022-03-30)","Q3","2017"
"Radeon HD 5850","946","https://www.videocardbenchmark.net/gpu.php?gpu=Radeon+HD+5850&id=47",2012-08-17,"288.99","(2022-04-10)","Q3","2012"
"Radeon Pro WX 4150","923","https://www.videocardbenchmark.net/gpu.php?gpu=Radeon+Pro+WX+4150&id=3787",2017-07-20,"610.04","(2022-06-01)","Q3","2017"
"GeForce GTX 465","921","https://www.videocardbenchmark.net/gpu.php?gpu=GeForce+GTX+465&id=82",2012-08-19,"195","(2021-05-13)","Q3","2012"
"Radeon R9 350","905","https://www.videocardbenchmark.net/gpu.php?gpu=Radeon+R9+350&id=3589",2016-10-11,"299","(2021-05-13)","Q4","2016"
"Quadro K3100M","904","https://www.videocardbenchmark.net/gpu.php?gpu=Quadro+K3100M&id=2684",2013-11-06,"399.95","(2019-10-02)","Q4","2013"
"GeForce GTX 560 SE","895","https://www.videocardbenchmark.net/gpu.php?gpu=GeForce+GTX+560+SE&id=106",2012-08-21,"89.99","(2013-07-11)","Q3","2012"
"Radeon Vega 8","881","https://www.videocardbenchmark.net/gpu.php?gpu=Radeon+Vega+8&id=3895",2018-02-07,"126.86","(2020-03-16)","Q1","2018"
"Quadro K3000M","878","https://www.videocardbenchmark.net/gpu.php?gpu=Quadro+K3000M&id=2213",2012-10-23,"407.56","(2021-05-13)","Q4","2012"
"Quadro 5010M","877","https://www.videocardbenchmark.net/gpu.php?gpu=Quadro+5010M&id=1553",2011-11-29,"235.95","(2018-01-29)","Q4","2011"
"Quadro K2100M","874","https://www.videocardbenchmark.net/gpu.php?gpu=Quadro+K2100M&id=2665",2013-10-03,"415.99","(2021-05-13)","Q4","2013"
"Radeon HD 5830","872","https://www.videocardbenchmark.net/gpu.php?gpu=Radeon+HD+5830&id=69",2012-08-18,"258.99","(2022-04-10)","Q3","2012"
"GeForce GTX 660M","858","https://www.videocardbenchmark.net/gpu.php?gpu=GeForce+GTX+660M&id=1458",2012-05-04,"78.99","(2020-03-14)","Q2","2012"
"GeForce GT 740","846","https://www.videocardbenchmark.net/gpu.php?gpu=GeForce+GT+740&id=2883",2014-06-01,"236.99","(2022-04-10)","Q2","2014"
"Radeon R7 450","843","https://www.videocardbenchmark.net/gpu.php?gpu=Radeon+R7+450&id=3588",2016-10-09,"299","(2022-03-30)","Q4","2016"
"Radeon HD 7750","843","https://www.videocardbenchmark.net/gpu.php?gpu=Radeon+HD+7750&id=321",2012-06-20,"124.95","(2024-04-14)","Q2","2012"
"GeForce GTX 650","843","https://www.videocardbenchmark.net/gpu.php?gpu=GeForce+GTX+650&id=2155",2012-09-25,"109.98","(2022-03-30)","Q3","2012"
"FirePro V7900","824","https://www.videocardbenchmark.net/gpu.php?gpu=FirePro+V7900&id=245",2011-09-21,"190","(2021-12-21)","Q3","2011"
"FirePro 3D V5800","802","https://www.videocardbenchmark.net/gpu.php?gpu=FirePro+3D+V5800&id=436",2010-10-17,"204","(2021-12-17)","Q4","2010"
"Radeon HD 6850","796","https://www.videocardbenchmark.net/gpu.php?gpu=Radeon+HD+6850&id=45",2012-08-17,"85","(2022-03-30)","Q3","2012"
"GeForce GTX 650","796","https://www.videocardbenchmark.net/gpu.php?gpu=GeForce+GTX+650&id=2155",2012-09-25,"109.98","(2022-03-30)","Q3","2012"
"GeForce GTX 460 SE","789","https://www.videocardbenchmark.net/gpu.php?gpu=GeForce+GTX+460+SE&id=123",2012-08-23,"159.99","(2012-01-15)","Q3","2012"
"Quadro K4000M","787","https://www.videocardbenchmark.net/gpu.php?gpu=Quadro+K4000M&id=2159",2012-10-02,"254","(2021-12-17)","Q4","2012"
"FirePro W600","787","https://www.videocardbenchmark.net/gpu.php?gpu=FirePro+W600&id=2371",2013-01-18,"414.99","(2021-12-17)","Q1","2013"
"Quadro M600M","784","https://www.videocardbenchmark.net/gpu.php?gpu=Quadro+M600M&id=3397",2015-12-28,"251.99","(2021-11-20)","Q4","2015"
"GeForce GTX 660M","777","https://www.videocardbenchmark.net/gpu.php?gpu=GeForce+GTX+660M&id=1458",2012-05-04,"78.99","(2020-03-14)","Q2","2012"
"Quadro P400","763","https://www.videocardbenchmark.net/gpu.php?gpu=Quadro+P400&id=3807",2017-08-29,"201.17","(2022-03-30)","Q3","2017"
"Radeon R9 255","760","https://www.videocardbenchmark.net/gpu.php?gpu=Radeon+R9+255&id=2888",2014-06-14,"344.16","(2019-04-04)","Q2","2014"
"FirePro M4000","747","https://www.videocardbenchmark.net/gpu.php?gpu=FirePro+M4000&id=238",2012-08-16,"72.83","(2021-06-19)","Q3","2012"
"FirePro W2100","747","https://www.videocardbenchmark.net/gpu.php?gpu=FirePro+W2100&id=2940",2014-09-08,"59","(2021-08-28)","Q3","2014"
"Quadro 5000","741","https://www.videocardbenchmark.net/gpu.php?gpu=Quadro+5000&id=1551",2010-09-03,"735.73","(2024-01-01)","Q3","2010"
"Quadro K2000D","730","https://www.videocardbenchmark.net/gpu.php?gpu=Quadro+K2000D&id=2497",2013-04-24,"339.99","(2021-12-17)","Q2","2013"
"GeForce GT 740","727","https://www.videocardbenchmark.net/gpu.php?gpu=GeForce+GT+740&id=2883",2014-06-01,"236.99","(2022-04-10)","Q2","2014"
"GeForce GTX 550 Ti","722","https://www.videocardbenchmark.net/gpu.php?gpu=GeForce+GTX+550+Ti&id=16",2012-08-10,"99.99","(2022-03-30)","Q3","2012"
"Radeon R9 M370X","718","https://www.videocardbenchmark.net/gpu.php?gpu=Radeon+R9+M370X&id=3299",2015-08-30,"889","(2021-05-25)","Q3","2015"
"Radeon HD 6790","700","https://www.videocardbenchmark.net/gpu.php?gpu=Radeon+HD+6790&id=286",2011-04-20,"294","(2021-12-17)","Q2","2011"
"FirePro W4100","699","https://www.videocardbenchmark.net/gpu.php?gpu=FirePro+W4100&id=3019",2014-11-01,"184","(2021-12-17)","Q4","2014"
"Quadro K2000","696","https://www.videocardbenchmark.net/gpu.php?gpu=Quadro+K2000&id=2446",2013-03-14,"294","(2022-04-15)","Q1","2013"
"Quadro K2000M","687","https://www.videocardbenchmark.net/gpu.php?gpu=Quadro+K2000M&id=1617",2012-07-09,"144.04","(2019-06-09)","Q3","2012"
"Quadro K1100M","683","https://www.videocardbenchmark.net/gpu.php?gpu=Quadro+K1100M&id=2623",2013-08-16,"322.99","(2021-05-13)","Q3","2013"
"Radeon HD 5770","663","https://www.videocardbenchmark.net/gpu.php?gpu=Radeon+HD+5770&id=6",2012-08-09,"189.99","(2021-12-24)","Q3","2012"
"Quadro K2100M","658","https://www.videocardbenchmark.net/gpu.php?gpu=Quadro+K2100M&id=2665",2013-10-03,"415.99","(2021-05-13)","Q4","2013"
"Quadro K3000M","658","https://www.videocardbenchmark.net/gpu.php?gpu=Quadro+K3000M&id=2213",2012-10-23,"407.56","(2021-05-13)","Q4","2012"
"GeForce GT 240","638","https://www.videocardbenchmark.net/gpu.php?gpu=GeForce+GT+240&id=61",2012-08-18,"160.97","(2022-03-30)","Q3","2012"
"GeForce GT 640","632","https://www.videocardbenchmark.net/gpu.php?gpu=GeForce+GT+640&id=1432",2011-12-24,"109.99","(2021-08-28)","Q4","2011"
"Radeon HD 6770","631","https://www.videocardbenchmark.net/gpu.php?gpu=Radeon+HD+6770&id=284",2011-04-29,"264.99","(2022-04-10)","Q2","2011"
"GeForce GTS 450","626","https://www.videocardbenchmark.net/gpu.php?gpu=GeForce+GTS+450&id=1",2012-08-09,"79.99","(2021-12-17)","Q3","2012"
"Radeon HD 7730","620","https://www.videocardbenchmark.net/gpu.php?gpu=Radeon+HD+7730&id=3138",2015-03-01,"232.7","(2021-07-03)","Q1","2015"
"Radeon R7 250","614","https://www.videocardbenchmark.net/gpu.php?gpu=Radeon+R7+250&id=2768",2013-11-18,"189.97","(2021-12-17)","Q4","2013"
"Radeon HD 4650","607","https://www.videocardbenchmark.net/gpu.php?gpu=Radeon+HD+4650&id=596",2011-11-29,"69.99","(2022-03-30)","Q4","2011"
"GeForce GT 710","594","https://www.videocardbenchmark.net/gpu.php?gpu=GeForce+GT+710&id=2910",2014-07-20,"249.99","(2023-03-13)","Q3","2014"
"Quadro 4000","575","https://www.videocardbenchmark.net/gpu.php?gpu=Quadro+4000&id=1549",2010-08-19,"1008.09","(2023-10-11)","Q3","2010"
"Quadro K610M","569","https://www.videocardbenchmark.net/gpu.php?gpu=Quadro+K610M&id=2703",2014-08-25,"240","(2021-05-13)","Q3","2014"
"Quadro 4000M","559","https://www.videocardbenchmark.net/gpu.php?gpu=Quadro+4000M&id=1550",2011-03-31,"232.06","(2022-04-15)","Q1","2011"
"Radeon HD 8570","556","https://www.videocardbenchmark.net/gpu.php?gpu=Radeon+HD+8570&id=2620",2013-08-13,"98.68","(2020-03-13)","Q3","2013"
"GeForce GT 640M LE","546","https://www.videocardbenchmark.net/gpu.php?gpu=GeForce+GT+640M+LE&id=2135",2012-09-06,"849.99","(2013-01-28)","Q3","2012"
"GeForce GT 720","544","https://www.videocardbenchmark.net/gpu.php?gpu=GeForce+GT+720&id=2896",2014-06-28,"99.99","(2020-03-14)","Q2","2014"
"Radeon HD 5750","531","https://www.videocardbenchmark.net/gpu.php?gpu=Radeon+HD+5750&id=50",2012-08-17,"69.99","(2022-03-30)","Q3","2012"
"GeForce 210","517","https://www.videocardbenchmark.net/gpu.php?gpu=GeForce+210&id=1169",2009-10-05,"54.15","(2023-02-23)","Q4","2009"
"GeForce GT 730","515","https://www.videocardbenchmark.net/gpu.php?gpu=GeForce+GT+730&id=2906",2014-07-11,"109.99","(2022-11-20)","Q3","2014"
"Quadro K1100M","512","https://www.videocardbenchmark.net/gpu.php?gpu=Quadro+K1100M&id=2623",2013-08-16,"322.99","(2021-05-13)","Q3","2013"
"Quadro 2000","506","https://www.videocardbenchmark.net/gpu.php?gpu=Quadro+2000&id=1543",2010-10-28,"213.23","(2022-04-15)","Q4","2010"
"Quadro K2000M","499","https://www.videocardbenchmark.net/gpu.php?gpu=Quadro+K2000M&id=1617",2012-07-09,"144.04","(2019-06-09)","Q3","2012"
"Radeon HD 6750","489","https://www.videocardbenchmark.net/gpu.php?gpu=Radeon+HD+6750&id=282",2011-04-28,"79.99","(2022-03-30)","Q2","2011"
"Radeon R7 240","488","https://www.videocardbenchmark.net/gpu.php?gpu=Radeon+R7+240&id=2713",2013-10-26,"109.99","(2021-11-20)","Q4","2013"
"Quadro K420","476","https://www.videocardbenchmark.net/gpu.php?gpu=Quadro+K420&id=2992",2014-10-27,"269","(2021-05-20)","Q4","2014"
"GeForce GT 555M","462","https://www.videocardbenchmark.net/gpu.php?gpu=GeForce+GT+555M&id=1428",2011-03-25,"177.2","(2021-05-25)","Q1","2011"
"Quadro K1000M","454","https://www.videocardbenchmark.net/gpu.php?gpu=Quadro+K1000M&id=1616",2012-08-21,"69.95","(2020-03-13)","Q3","2012"
"Radeon R5 330","452","https://www.videocardbenchmark.net/gpu.php?gpu=Radeon+R5+330&id=3270",2017-05-03,"339.99","(2020-03-14)","Q2","2017"
"FirePro W2100","450","https://www.videocardbenchmark.net/gpu.php?gpu=FirePro+W2100&id=2940",2014-09-08,"59","(2021-08-28)","Q3","2014"
"Radeon R5 240","447","https://www.videocardbenchmark.net/gpu.php?gpu=Radeon+R5+240&id=2948",2014-09-15,"85","(2021-05-13)","Q3","2014"
"Radeon HD 6570","444","https://www.videocardbenchmark.net/gpu.php?gpu=Radeon+HD+6570&id=54",2012-08-18,"64.99","(2023-02-22)","Q3","2012"
"FirePro V4900","444","https://www.videocardbenchmark.net/gpu.php?gpu=FirePro+V4900&id=241",2012-05-24,"149.99","(2021-12-18)","Q2","2012"
"GeForce GT 540M","421","https://www.videocardbenchmark.net/gpu.php?gpu=GeForce+GT+540M&id=27",2012-08-22,"87.95","(2020-03-13)","Q3","2012"
"FirePro V5900","420","https://www.videocardbenchmark.net/gpu.php?gpu=FirePro+V5900&id=243",2011-07-27,"86","(2021-12-21)","Q3","2011"
"GRID K1","419","https://www.videocardbenchmark.net/gpu.php?gpu=GRID+K1&id=2617",2013-08-12,"395","(2020-03-05)","Q3","2013"
"Quadro 3000M","418","https://www.videocardbenchmark.net/gpu.php?gpu=Quadro+3000M&id=1547",2011-06-17,"69.99","(2019-12-29)","Q2","2011"
"Quadro 2000M","410","https://www.videocardbenchmark.net/gpu.php?gpu=Quadro+2000M&id=49",2012-08-17,"229.74","(2021-05-13)","Q3","2012"
"Radeon HD 6670","395","https://www.videocardbenchmark.net/gpu.php?gpu=Radeon+HD+6670&id=96",2012-08-21,"68.99","(2022-03-30)","Q3","2012"
"Quadro K610M","388","https://www.videocardbenchmark.net/gpu.php?gpu=Quadro+K610M&id=2703",2014-08-25,"240","(2021-05-13)","Q3","2014"
"Radeon R5 330","385","https://www.videocardbenchmark.net/gpu.php?gpu=Radeon+R5+330&id=3270",2017-05-03,"339.99","(2020-03-14)","Q2","2017"
"GeForce GT 720","383","https://www.videocardbenchmark.net/gpu.php?gpu=GeForce+GT+720&id=2896",2014-06-28,"99.99","(2020-03-14)","Q2","2014"
"Radeon R7 M260","368","https://www.videocardbenchmark.net/gpu.php?gpu=Radeon+R7+M260&id=3030",2014-11-25,"799","(2016-05-31)","Q4","2014"
"Radeon HD 7670M","367","https://www.videocardbenchmark.net/gpu.php?gpu=Radeon+HD+7670M&id=320",2012-05-27,"629.99","(2013-09-18)","Q2","2012"
"GeForce GT 710","364","https://www.videocardbenchmark.net/gpu.php?gpu=GeForce+GT+710&id=2910",2014-07-20,"249.99","(2023-03-13)","Q3","2014"
"GeForce GT 630","362","https://www.videocardbenchmark.net/gpu.php?gpu=GeForce+GT+630&id=1431",2012-06-15,"147.01","(2022-04-10)","Q2","2012"
"FirePro 3D V4800","360","https://www.videocardbenchmark.net/gpu.php?gpu=FirePro+3D+V4800&id=433",2010-08-24,"159.99","(2012-12-16)","Q3","2010"
"GeForce GT 540M","357","https://www.videocardbenchmark.net/gpu.php?gpu=GeForce+GT+540M&id=27",2012-08-22,"87.95","(2020-03-13)","Q3","2012"
"GeForce GT 440","356","https://www.videocardbenchmark.net/gpu.php?gpu=GeForce+GT+440&id=1423",2010-12-18,"225","(2022-04-10)","Q4","2010"
"Quadro K1000M","353","https://www.videocardbenchmark.net/gpu.php?gpu=Quadro+K1000M&id=1616",2012-08-21,"69.95","(2020-03-13)","Q3","2012"
"FirePro V3900","350","https://www.videocardbenchmark.net/gpu.php?gpu=FirePro+V3900&id=240",2012-03-11,"238.44","(2021-06-10)","Q1","2012"
"Radeon HD 5670","349","https://www.videocardbenchmark.net/gpu.php?gpu=Radeon+HD+5670&id=28",2012-08-14,"67","(2022-04-15)","Q3","2012"
"Quadro K420","346","https://www.videocardbenchmark.net/gpu.php?gpu=Quadro+K420&id=2992",2014-10-27,"269","(2021-05-20)","Q4","2014"
"NVS 4200M","344","https://www.videocardbenchmark.net/gpu.php?gpu=NVS+4200M&id=117",2012-08-22,"399","(2020-03-10)","Q3","2012"
"GeForce GT 640M LE","343","https://www.videocardbenchmark.net/gpu.php?gpu=GeForce+GT+640M+LE&id=2135",2012-09-06,"849.99","(2013-01-28)","Q3","2012"
"Radeon HD 7570","341","https://www.videocardbenchmark.net/gpu.php?gpu=Radeon+HD+7570&id=90",2012-08-20,"102.49","(2021-05-25)","Q3","2012"
"Quadro K600","341","https://www.videocardbenchmark.net/gpu.php?gpu=Quadro+K600&id=2449",2013-03-21,"60.24","(2021-05-13)","Q1","2013"
"Radeon HD 6570","339","https://www.videocardbenchmark.net/gpu.php?gpu=Radeon+HD+6570&id=54",2012-08-18,"64.99","(2023-02-22)","Q3","2012"
"FirePro 3D V3800","327","https://www.videocardbenchmark.net/gpu.php?gpu=FirePro+3D+V3800&id=431",2010-07-28,"149.99","(2014-03-07)","Q3","2010"
"GeForce GT 555M","324","https://www.videocardbenchmark.net/gpu.php?gpu=GeForce+GT+555M&id=1428",2011-03-25,"177.2","(2021-05-25)","Q1","2011"
"NVS 510","321","https://www.videocardbenchmark.net/gpu.php?gpu=NVS+510&id=2228",2012-10-28,"111.99","(2024-01-08)","Q4","2012"
"GeForce GT 530","310","https://www.videocardbenchmark.net/gpu.php?gpu=GeForce+GT+530&id=1426",2011-06-19,"49","(2014-02-28)","Q2","2011"
"GeForce GT 430","297","https://www.videocardbenchmark.net/gpu.php?gpu=GeForce+GT+430&id=53",2012-08-17,"139.99","(2022-03-30)","Q3","2012"
"Quadro 600","292","https://www.videocardbenchmark.net/gpu.php?gpu=Quadro+600&id=91",2012-08-20,"76","(2021-05-13)","Q3","2012"
"Quadro 1000M","282","https://www.videocardbenchmark.net/gpu.php?gpu=Quadro+1000M&id=87",2012-08-20,"54.5","(2019-07-23)","Q3","2012"
"Radeon HD 7670M","280","https://www.videocardbenchmark.net/gpu.php?gpu=Radeon+HD+7670M&id=320",2012-05-27,"629.99","(2013-09-18)","Q2","2012"
"Quadro 410","277","https://www.videocardbenchmark.net/gpu.php?gpu=Quadro+410&id=2291",2012-11-30,"129","(2020-02-20)","Q4","2012"
"Radeon HD 5570","275","https://www.videocardbenchmark.net/gpu.php?gpu=Radeon+HD+5570&id=80",2012-08-19,"178.99","(2024-04-10)","Q3","2012"
"Quadro 500M","263","https://www.videocardbenchmark.net/gpu.php?gpu=Quadro+500M&id=2518",2013-05-22,"275.14","(2018-09-19)","Q2","2013"
"Radeon HD 5550","219","https://www.videocardbenchmark.net/gpu.php?gpu=Radeon+HD+5550&id=603",2010-05-01,"54.99","(2014-03-07)","Q2","2010"
"GeForce GT 620","209","https://www.videocardbenchmark.net/gpu.php?gpu=GeForce+GT+620&id=1429",2012-06-25,"154","(2021-11-20)","Q2","2012"
"NVS 315","204","https://www.videocardbenchmark.net/gpu.php?gpu=NVS+315&id=2808",2014-02-07,"69.99","(2021-12-17)","Q1","2014"
"Radeon HD 8490","187","https://www.videocardbenchmark.net/gpu.php?gpu=Radeon+HD+8490&id=2841",2014-03-19,"89.99","(2021-09-09)","Q1","2014"
"Radeon HD 7470","183","https://www.videocardbenchmark.net/gpu.php?gpu=Radeon+HD+7470&id=298",2012-06-28,"81.37","(2021-06-06)","Q2","2012"
"GeForce GTS 250","181","https://www.videocardbenchmark.net/gpu.php?gpu=GeForce+GTS+250&id=29",2012-08-15,"69.99","(2021-11-20)","Q3","2012"
"GeForce GT 520M","178","https://www.videocardbenchmark.net/gpu.php?gpu=GeForce+GT+520M&id=70",2012-08-18,"29.95","(2020-03-13)","Q3","2012"
"GeForce GT 520","177","https://www.videocardbenchmark.net/gpu.php?gpu=GeForce+GT+520&id=1425",2011-04-07,"304","(2021-12-17)","Q2","2011"
"GeForce GT 420","177","https://www.videocardbenchmark.net/gpu.php?gpu=GeForce+GT+420&id=1420",2010-12-10,"155","(2020-03-10)","Q4","2010"
"Radeon R5 235","176","https://www.videocardbenchmark.net/gpu.php?gpu=Radeon+R5+235&id=2826",2014-02-27,"60.13","(2020-03-13)","Q1","2014"
"GeForce GT 705","175","https://www.videocardbenchmark.net/gpu.php?gpu=GeForce+GT+705&id=2952",2014-09-18,"296.76","(2022-04-10)","Q3","2014"
"GeForce GT 610","175","https://www.videocardbenchmark.net/gpu.php?gpu=GeForce+GT+610&id=33",2012-08-16,"139.99","(2022-04-10)","Q3","2012"
"NVS 4200M","169","https://www.videocardbenchmark.net/gpu.php?gpu=NVS+4200M&id=117",2012-08-22,"399","(2020-03-10)","Q3","2012"
"NVS 310","147","https://www.videocardbenchmark.net/gpu.php?gpu=NVS+310&id=2195",2012-10-18,"62.06","(2022-04-15)","Q4","2012"
"Radeon HD 6470M","145","https://www.videocardbenchmark.net/gpu.php?gpu=Radeon+HD+6470M&id=107",2012-08-21,"569.99","(2013-01-16)","Q3","2012"
"Radeon HD 7450","145","https://www.videocardbenchmark.net/gpu.php?gpu=Radeon+HD+7450&id=297",2012-02-08,"49.99","(2020-03-13)","Q1","2012"
"GeForce 510","136","https://www.videocardbenchmark.net/gpu.php?gpu=GeForce+510&id=1179",2011-12-26,"69.99","(2013-03-29)","Q4","2011"
"Radeon HD 6450","130","https://www.videocardbenchmark.net/gpu.php?gpu=Radeon+HD+6450&id=267",2011-10-24,"89","(2021-12-21)","Q4","2011"
"Radeon HD 6380G","91","https://www.videocardbenchmark.net/gpu.php?gpu=Radeon+HD+6380G&id=265",2012-04-17,"399.99","(2012-11-24)","Q2","2012"
"Radeon HD 6320","88","https://www.videocardbenchmark.net/gpu.php?gpu=Radeon+HD+6320&id=258",2011-11-01,"554.99","(2012-10-10)","Q4","2011"
"Radeon HD 8350","84","https://www.videocardbenchmark.net/gpu.php?gpu=Radeon+HD+8350&id=2707",2013-11-01,"99.81","(2022-03-30)","Q4","2013"
"RADEON HD 6350","79","https://www.videocardbenchmark.net/gpu.php?gpu=RADEON+HD+6350&id=262",2011-04-22,"59","(2021-12-18)","Q2","2011"
"Quadro FX 580","66","https://www.videocardbenchmark.net/gpu.php?gpu=Quadro+FX+580&id=1608",2009-04-20,"130","(2021-05-13)","Q2","2009"
"FirePro 2460","59","https://www.videocardbenchmark.net/gpu.php?gpu=FirePro+2460&id=237",2012-08-15,"83.99","(2020-03-13)","Q3","2012"
"GeForce 8400 GS","58","https://www.videocardbenchmark.net/gpu.php?gpu=GeForce+8400+GS&id=73",2012-08-19,"85.97","(2021-12-17)","Q3","2012"
"GeForce 9500 GT","52","https://www.videocardbenchmark.net/gpu.php?gpu=GeForce+9500+GT&id=1304",2009-04-01,"85.99","(2012-02-14)","Q2","2009"
"Radeon HD 5450","46","https://www.videocardbenchmark.net/gpu.php?gpu=Radeon+HD+5450&id=7",2012-08-09,"94.96","(2022-04-15)","Q3","2012"
"FirePro 2270","42","https://www.videocardbenchmark.net/gpu.php?gpu=FirePro+2270&id=115",2012-08-22,"134","(2022-03-30)","Q3","2012"
"Quadro FX 570","42","https://www.videocardbenchmark.net/gpu.php?gpu=Quadro+FX+570&id=1606",2009-04-05,"115","(2021-05-13)","Q2","2009"
"Radeon R5 220","41","https://www.videocardbenchmark.net/gpu.php?gpu=Radeon+R5+220&id=3123",2015-02-02,"85.26","(2020-03-14)","Q1","2015"
"Radeon HD 8350","41","https://www.videocardbenchmark.net/gpu.php?gpu=Radeon+HD+8350&id=2707",2013-11-01,"99.81","(2022-03-30)","Q4","2013"
"GeForce GT 220","35","https://www.videocardbenchmark.net/gpu.php?gpu=GeForce+GT+220&id=72",2012-08-19,"39.99","(2020-03-14)","Q3","2012"
"GeForce 8600 GT","33","https://www.videocardbenchmark.net/gpu.php?gpu=GeForce+8600+GT&id=64",2012-08-18,"196","(2022-04-15)","Q3","2012"
